Envoy image,Envoy commit
lyft/envoy:latest,???
lyft/envoy:4ef8079e9ff3056bab5fe9485e7fd2bc69d27dc5,4ef8079e9ff3056bab5fe9485e7fd2bc69d27dc5
dwflynn/envoy-debug:latest,???
dwflynn/envoy-with-extauth:0.0.2,???
datawire/ambassador-envoy:368a4517,???
datawire/ambassador-envoy:latest,???
dwflynn/ambassador-envoy:v1.4.0-49-g008635a04,008635a04c2b96a905d66734d9d3f3045c56710d
datawire/ambassador-envoy:vtest_docs_tag3-60-gb2629d084,b2629d084736643cab062850590fefcf68a7d77f
datawire/ambassador-envoy:v1.5.0-47-g6b197c85c,6b197c85c9e5dce9fa9a292c074e0d64e9377ba3
datawire/ambassador-envoy-alpine:ambassador-envoy-v1.5.0-47-g6b197c85c-68-g3e4bfeb1d,3e4bfeb1df3e865d16315091890059e06b1c0db8
datawire/ambassador-envoy-alpine:v1.5.0-116-g7ccb25882,7ccb25882cb3e163b81940e9119806f6383ccd9a
quay.io/datawire/ambassador-envoy-alpine-stripped:v1.5.0-231-g27a506c85,27a506c85740f73c81605625a93690d81a8c9248
datawire/ambassador-envoy-alpine-stripped:v1.5.0-232-g6557e9ea7,6557e9ea702dc96de95386913c1235377e04a9a8
datawire/ambassador-envoy-alpine-stripped:v1.6.0-446-g100a92e2,100a92e24117bb2b075acc59d1b325436d7b2b00
datawire/ambassador-envoy-alpine-stripped:v1.7.0-59-g07c6a004,07c6a004b899c373a6512440ae954f2a7ce3042d
quay.io/datawire/ambassador-envoy:v1.7.0-64-g09ba72b1-alpine-stripped,09ba72b14bbc177ce393bf394876330afbd19dd6
quay.io/datawire/ambassador-envoy:v1.7.0-65-ga22b2f14-alpine-stripped,a22b2f14f5552adb1b80ca4941d06129637066cd
quay.io/datawire/ambassador-envoy:v1.7.0-66-g5f795fe2-alpine-stripped,5f795fe2d7cf6eef2308d8fb8e3cd5d474e47753
quay.io/datawire/ambassador-envoy:v1.7.0-235-gaf17ea9a-alpine-stripped,???
envoyproxy/envoy-alpine:26e2a31650fe14db7e55a3136f9ae75db667bf5c,26e2a31650fe14db7e55a3136f9ae75db667bf5c
envoyproxy/envoy-alpine:v1.8.0,5d25f466c3410c0dfa735d7d4358beb76b2da507
envoyproxy/envoy-alpine:latest,???
quay.io/datawire/interdax-envoy-alpine:latest,???
envoyproxy/envoy-alpine:f71a883b557a18cc418d4103b2f07a6780fc6576,f71a883b557a18cc418d4103b2f07a6780fc6576
quay.io/datawire/ambassador-envoy-alpine-stripped:v1.8.0-15c5befd43fb9ee9b145cc87e507beb801726316,15c5befd43fb9ee9b145cc87e507beb801726316
quay.io/datawire/ambassador-envoy-alpine-stripped:v1.8.0-878705f86c,878705f86ca761f2fdf1f35a5b86a272949b5b79
quay.io/datawire/ambassador-envoy-alpine-stripped:v1.8.0-g14e2c65bb,14e2c65bbaaa714d71a342624a4ca24eb3817069
quay.io/datawire/ambassador-envoy-alpine-stripped:v1.8.0-g523a9e31d,523a9e31d6bde8a73fee3e53d014827445017be9
quay.io/datawire/ambassador-envoy-alpine-stripped:v1.8.0-15c5befd43fb9ee9b145cc87e507beb801726316-7-g4db17d1fb,4db17d1fb38c27e6eacbd0c757d964eb80a356f7
quay.io/datawire/ambassador-envoy-alpine-stripped:v1.8.0-15c5befd43fb9ee9b145cc87e507beb801726316-9-gf60eead70,f60eead706a3606c545ee2cfb0d47e905fdf1813
quay.io/datawire/ambassador-envoy-alpine-stripped:v1.8.0-15c5befd43fb9ee9b145cc87e507beb801726316-15-ga0d95bafb,a0d95bafba31b7062f791cdbb27f3351bbec7dfe
quay.io/datawire/ambassador-envoy-alpine-stripped:v1.9.0-604-g251b7d345,???
quay.io/datawire/ambassador-envoy-alpine-stripped:v1.9.0-605-g27770bf3d,???
quay.io/datawire/ambassador-envoy-alpine-stripped:v1.9.0-617-g39d9a9b43,39d9a9b4396c38cad15fd06e57468746a2175f18
quay.io/datawire/ambassador-envoy-alpine-stripped:v1.9.0-618-gecd186005,ecd1860051b3e90dfc383ab96aa96ec41a4ebfb1
quay.io/datawire/ambassador-envoy-alpine-stripped:v1.9.0-619-g5830eaa1d,5830eaa1db54cb72161a181b310f895fe0d5a723
