Envoy commit,Upstream Envoy base commit,Upstream Envoy base commit date
4ef8079e9ff3056bab5fe9485e7fd2bc69d27dc5,4ef8079e9ff3056bab5fe9485e7fd2bc69d27dc5,2017-04-03
008635a04c2b96a905d66734d9d3f3045c56710d,419b26e942d606178321af6870fa70a294a7525c,2017-08-29
b2629d084736643cab062850590fefcf68a7d77f,34e429505cdcf3ee2cb1a87febedd5a0906daf96,2017-11-18
6b197c85c9e5dce9fa9a292c074e0d64e9377ba3,9ed62923a8ff6745407046c4451ce757348d966f,2017-12-04
3e4bfeb1df3e865d16315091890059e06b1c0db8,918be08f4200ec21588ba8177fe47cf675f776cf,2017-12-26
7ccb25882cb3e163b81940e9119806f6383ccd9a,918be08f4200ec21588ba8177fe47cf675f776cf,2017-12-26
27a506c85740f73c81605625a93690d81a8c9248,4f6d3b2a5d91f0bfc95aaee439b71485eef037b1,2018-01-26
6557e9ea702dc96de95386913c1235377e04a9a8,4f6d3b2a5d91f0bfc95aaee439b71485eef037b1,2018-01-26
100a92e24117bb2b075acc59d1b325436d7b2b00,c62d9a5a6311938650f808c9acaf84eed48b6cfe,2018-06-06
07c6a004b899c373a6512440ae954f2a7ce3042d,3f59fb5c0f6554f8b3f2e73ab4c1437a63d42668,2018-06-21
09ba72b14bbc177ce393bf394876330afbd19dd6,3f59fb5c0f6554f8b3f2e73ab4c1437a63d42668,2018-06-21
a22b2f14f5552adb1b80ca4941d06129637066cd,3f59fb5c0f6554f8b3f2e73ab4c1437a63d42668,2018-06-21
5f795fe2d7cf6eef2308d8fb8e3cd5d474e47753,3f59fb5c0f6554f8b3f2e73ab4c1437a63d42668,2018-06-21
26e2a31650fe14db7e55a3136f9ae75db667bf5c,26e2a31650fe14db7e55a3136f9ae75db667bf5c,2018-10-01
5d25f466c3410c0dfa735d7d4358beb76b2da507,5d25f466c3410c0dfa735d7d4358beb76b2da507,2018-10-04
f71a883b557a18cc418d4103b2f07a6780fc6576,f71a883b557a18cc418d4103b2f07a6780fc6576,2018-11-06
15c5befd43fb9ee9b145cc87e507beb801726316,15c5befd43fb9ee9b145cc87e507beb801726316,2018-11-06
878705f86ca761f2fdf1f35a5b86a272949b5b79,15c5befd43fb9ee9b145cc87e507beb801726316,2018-11-06
14e2c65bbaaa714d71a342624a4ca24eb3817069,15c5befd43fb9ee9b145cc87e507beb801726316,2018-11-06
523a9e31d6bde8a73fee3e53d014827445017be9,15c5befd43fb9ee9b145cc87e507beb801726316,2018-11-06
4db17d1fb38c27e6eacbd0c757d964eb80a356f7,15c5befd43fb9ee9b145cc87e507beb801726316,2018-11-06
f60eead706a3606c545ee2cfb0d47e905fdf1813,15c5befd43fb9ee9b145cc87e507beb801726316,2018-11-06
a0d95bafba31b7062f791cdbb27f3351bbec7dfe,15c5befd43fb9ee9b145cc87e507beb801726316,2018-11-06
39d9a9b4396c38cad15fd06e57468746a2175f18,1cf59d4f47ad7ab1a4e924cd66b825bb758f83c7,2019-04-04
ecd1860051b3e90dfc383ab96aa96ec41a4ebfb1,1cf59d4f47ad7ab1a4e924cd66b825bb758f83c7,2019-04-04
5830eaa1db54cb72161a181b310f895fe0d5a723,1cf59d4f47ad7ab1a4e924cd66b825bb758f83c7,2019-04-04
