Version,"Ambassador commit","Envoy image","Envoy commit","Upstream Envoy base commit","Upstream Envoy base commit date"
0.1.7,v0.1.7,lyft/envoy:4ef8079e9ff3056bab5fe9485e7fd2bc69d27dc5,4ef8079e9ff3056bab5fe9485e7fd2bc69d27dc5,4ef8079e9ff3056bab5fe9485e7fd2bc69d27dc5,2017-04-03
0.1.8,v0.1.8,lyft/envoy:4ef8079e9ff3056bab5fe9485e7fd2bc69d27dc5,4ef8079e9ff3056bab5fe9485e7fd2bc69d27dc5,4ef8079e9ff3056bab5fe9485e7fd2bc69d27dc5,2017-04-03
0.1.9,v0.1.9,lyft/envoy:4ef8079e9ff3056bab5fe9485e7fd2bc69d27dc5,4ef8079e9ff3056bab5fe9485e7fd2bc69d27dc5,4ef8079e9ff3056bab5fe9485e7fd2bc69d27dc5,2017-04-03
0.2.0,v0.2.0,lyft/envoy:4ef8079e9ff3056bab5fe9485e7fd2bc69d27dc5,4ef8079e9ff3056bab5fe9485e7fd2bc69d27dc5,4ef8079e9ff3056bab5fe9485e7fd2bc69d27dc5,2017-04-03
0.3.0,v0.3.0,lyft/envoy:4ef8079e9ff3056bab5fe9485e7fd2bc69d27dc5,4ef8079e9ff3056bab5fe9485e7fd2bc69d27dc5,4ef8079e9ff3056bab5fe9485e7fd2bc69d27dc5,2017-04-03
0.10.12,v0.10.12,dwflynn/ambassador-envoy:v1.4.0-49-g008635a04,008635a04c2b96a905d66734d9d3f3045c56710d,419b26e942d606178321af6870fa70a294a7525c,2017-08-29
0.10.13,v0.10.13,dwflynn/ambassador-envoy:v1.4.0-49-g008635a04,008635a04c2b96a905d66734d9d3f3045c56710d,419b26e942d606178321af6870fa70a294a7525c,2017-08-29
0.10.14,v0.10.14,dwflynn/ambassador-envoy:v1.4.0-49-g008635a04,008635a04c2b96a905d66734d9d3f3045c56710d,419b26e942d606178321af6870fa70a294a7525c,2017-08-29
0.11.0,v0.11.0,dwflynn/ambassador-envoy:v1.4.0-49-g008635a04,008635a04c2b96a905d66734d9d3f3045c56710d,419b26e942d606178321af6870fa70a294a7525c,2017-08-29
0.11.1,v0.11.1,dwflynn/ambassador-envoy:v1.4.0-49-g008635a04,008635a04c2b96a905d66734d9d3f3045c56710d,419b26e942d606178321af6870fa70a294a7525c,2017-08-29
0.11.2,v0.11.2,dwflynn/ambassador-envoy:v1.4.0-49-g008635a04,008635a04c2b96a905d66734d9d3f3045c56710d,419b26e942d606178321af6870fa70a294a7525c,2017-08-29
0.12.0,v0.12.0,dwflynn/ambassador-envoy:v1.4.0-49-g008635a04,008635a04c2b96a905d66734d9d3f3045c56710d,419b26e942d606178321af6870fa70a294a7525c,2017-08-29
0.12.1,v0.12.1,dwflynn/ambassador-envoy:v1.4.0-49-g008635a04,008635a04c2b96a905d66734d9d3f3045c56710d,419b26e942d606178321af6870fa70a294a7525c,2017-08-29
0.13.0,v0.13.0,dwflynn/ambassador-envoy:v1.4.0-49-g008635a04,008635a04c2b96a905d66734d9d3f3045c56710d,419b26e942d606178321af6870fa70a294a7525c,2017-08-29
0.13.1,v0.13.1,dwflynn/ambassador-envoy:v1.4.0-49-g008635a04,008635a04c2b96a905d66734d9d3f3045c56710d,419b26e942d606178321af6870fa70a294a7525c,2017-08-29
0.13.2,v0.13.2,dwflynn/ambassador-envoy:v1.4.0-49-g008635a04,008635a04c2b96a905d66734d9d3f3045c56710d,419b26e942d606178321af6870fa70a294a7525c,2017-08-29
0.13.3,v0.13.3,dwflynn/ambassador-envoy:v1.4.0-49-g008635a04,008635a04c2b96a905d66734d9d3f3045c56710d,419b26e942d606178321af6870fa70a294a7525c,2017-08-29
0.13.4,v0.13.4,dwflynn/ambassador-envoy:v1.4.0-49-g008635a04,008635a04c2b96a905d66734d9d3f3045c56710d,419b26e942d606178321af6870fa70a294a7525c,2017-08-29
0.13.5,v0.13.5,dwflynn/ambassador-envoy:v1.4.0-49-g008635a04,008635a04c2b96a905d66734d9d3f3045c56710d,419b26e942d606178321af6870fa70a294a7525c,2017-08-29
0.13.6,v0.13.6,dwflynn/ambassador-envoy:v1.4.0-49-g008635a04,008635a04c2b96a905d66734d9d3f3045c56710d,419b26e942d606178321af6870fa70a294a7525c,2017-08-29
0.14.0,v0.14.0,dwflynn/ambassador-envoy:v1.4.0-49-g008635a04,008635a04c2b96a905d66734d9d3f3045c56710d,419b26e942d606178321af6870fa70a294a7525c,2017-08-29
0.14.1,v0.14.1,dwflynn/ambassador-envoy:v1.4.0-49-g008635a04,008635a04c2b96a905d66734d9d3f3045c56710d,419b26e942d606178321af6870fa70a294a7525c,2017-08-29
0.14.2,v0.14.2,dwflynn/ambassador-envoy:v1.4.0-49-g008635a04,008635a04c2b96a905d66734d9d3f3045c56710d,419b26e942d606178321af6870fa70a294a7525c,2017-08-29
0.15.0,v0.15.0,dwflynn/ambassador-envoy:v1.4.0-49-g008635a04,008635a04c2b96a905d66734d9d3f3045c56710d,419b26e942d606178321af6870fa70a294a7525c,2017-08-29
0.15.1,v0.15.1,dwflynn/ambassador-envoy:v1.4.0-49-g008635a04,008635a04c2b96a905d66734d9d3f3045c56710d,419b26e942d606178321af6870fa70a294a7525c,2017-08-29
0.15.2,v0.15.2,dwflynn/ambassador-envoy:v1.4.0-49-g008635a04,008635a04c2b96a905d66734d9d3f3045c56710d,419b26e942d606178321af6870fa70a294a7525c,2017-08-29
0.15.3,v0.15.3,dwflynn/ambassador-envoy:v1.4.0-49-g008635a04,008635a04c2b96a905d66734d9d3f3045c56710d,419b26e942d606178321af6870fa70a294a7525c,2017-08-29
0.16.0,v0.16.0,dwflynn/ambassador-envoy:v1.4.0-49-g008635a04,008635a04c2b96a905d66734d9d3f3045c56710d,419b26e942d606178321af6870fa70a294a7525c,2017-08-29
0.16.1,v0.16.1,dwflynn/ambassador-envoy:v1.4.0-49-g008635a04,008635a04c2b96a905d66734d9d3f3045c56710d,419b26e942d606178321af6870fa70a294a7525c,2017-08-29
0.16.2,v0.16.2,dwflynn/ambassador-envoy:v1.4.0-49-g008635a04,008635a04c2b96a905d66734d9d3f3045c56710d,419b26e942d606178321af6870fa70a294a7525c,2017-08-29
0.16.3,v0.16.3,dwflynn/ambassador-envoy:v1.4.0-49-g008635a04,008635a04c2b96a905d66734d9d3f3045c56710d,419b26e942d606178321af6870fa70a294a7525c,2017-08-29
0.17.0,v0.17.0,dwflynn/ambassador-envoy:v1.4.0-49-g008635a04,008635a04c2b96a905d66734d9d3f3045c56710d,419b26e942d606178321af6870fa70a294a7525c,2017-08-29
0.18.0,v0.18.0,datawire/ambassador-envoy:vtest_docs_tag3-60-gb2629d084,b2629d084736643cab062850590fefcf68a7d77f,34e429505cdcf3ee2cb1a87febedd5a0906daf96,2017-11-18
0.18.1,v0.18.1,datawire/ambassador-envoy:vtest_docs_tag3-60-gb2629d084,b2629d084736643cab062850590fefcf68a7d77f,34e429505cdcf3ee2cb1a87febedd5a0906daf96,2017-11-18
0.18.2,v0.18.2,datawire/ambassador-envoy:vtest_docs_tag3-60-gb2629d084,b2629d084736643cab062850590fefcf68a7d77f,34e429505cdcf3ee2cb1a87febedd5a0906daf96,2017-11-18
0.19.0,v0.19.0,datawire/ambassador-envoy:vtest_docs_tag3-60-gb2629d084,b2629d084736643cab062850590fefcf68a7d77f,34e429505cdcf3ee2cb1a87febedd5a0906daf96,2017-11-18
0.19.1,v0.19.1,datawire/ambassador-envoy:vtest_docs_tag3-60-gb2629d084,b2629d084736643cab062850590fefcf68a7d77f,34e429505cdcf3ee2cb1a87febedd5a0906daf96,2017-11-18
0.19.2,v0.19.2,datawire/ambassador-envoy:vtest_docs_tag3-60-gb2629d084,b2629d084736643cab062850590fefcf68a7d77f,34e429505cdcf3ee2cb1a87febedd5a0906daf96,2017-11-18
0.19.3,v0.19.3,datawire/ambassador-envoy:vtest_docs_tag3-60-gb2629d084,b2629d084736643cab062850590fefcf68a7d77f,34e429505cdcf3ee2cb1a87febedd5a0906daf96,2017-11-18
0.20.0,v0.20.0,datawire/ambassador-envoy:v1.5.0-47-g6b197c85c,6b197c85c9e5dce9fa9a292c074e0d64e9377ba3,9ed62923a8ff6745407046c4451ce757348d966f,2017-12-04
0.20.1,v0.20.1,datawire/ambassador-envoy:v1.5.0-47-g6b197c85c,6b197c85c9e5dce9fa9a292c074e0d64e9377ba3,9ed62923a8ff6745407046c4451ce757348d966f,2017-12-04
0.21.0,v0.21.0,datawire/ambassador-envoy:v1.5.0-47-g6b197c85c,6b197c85c9e5dce9fa9a292c074e0d64e9377ba3,9ed62923a8ff6745407046c4451ce757348d966f,2017-12-04
0.21.1,v0.21.1,datawire/ambassador-envoy:v1.5.0-47-g6b197c85c,6b197c85c9e5dce9fa9a292c074e0d64e9377ba3,9ed62923a8ff6745407046c4451ce757348d966f,2017-12-04
0.21.2,v0.21.2,datawire/ambassador-envoy:v1.5.0-47-g6b197c85c,6b197c85c9e5dce9fa9a292c074e0d64e9377ba3,9ed62923a8ff6745407046c4451ce757348d966f,2017-12-04
"",7fc4178,datawire/ambassador-envoy-alpine:ambassador-envoy-v1.5.0-47-g6b197c85c-68-g3e4bfeb1d,3e4bfeb1df3e865d16315091890059e06b1c0db8,918be08f4200ec21588ba8177fe47cf675f776cf,2017-12-26
0.22.0,v0.22.0,datawire/ambassador-envoy-alpine:v1.5.0-116-g7ccb25882,7ccb25882cb3e163b81940e9119806f6383ccd9a,918be08f4200ec21588ba8177fe47cf675f776cf,2017-12-26
0.22.1,v0.22.1,datawire/ambassador-envoy-alpine:v1.5.0-116-g7ccb25882,7ccb25882cb3e163b81940e9119806f6383ccd9a,918be08f4200ec21588ba8177fe47cf675f776cf,2017-12-26
"",eac03c8,quay.io/datawire/ambassador-envoy-alpine-stripped:v1.5.0-231-g27a506c85,27a506c85740f73c81605625a93690d81a8c9248,4f6d3b2a5d91f0bfc95aaee439b71485eef037b1,2018-01-26
0.22.2,v0.22.2,datawire/ambassador-envoy-alpine-stripped:v1.5.0-232-g6557e9ea7,6557e9ea702dc96de95386913c1235377e04a9a8,4f6d3b2a5d91f0bfc95aaee439b71485eef037b1,2018-01-26
0.23.0,v0.23.0,datawire/ambassador-envoy-alpine-stripped:v1.5.0-232-g6557e9ea7,6557e9ea702dc96de95386913c1235377e04a9a8,4f6d3b2a5d91f0bfc95aaee439b71485eef037b1,2018-01-26
0.23.1,v0.23.1,datawire/ambassador-envoy-alpine-stripped:v1.5.0-232-g6557e9ea7,6557e9ea702dc96de95386913c1235377e04a9a8,4f6d3b2a5d91f0bfc95aaee439b71485eef037b1,2018-01-26
0.24.0,v0.24.0,datawire/ambassador-envoy-alpine-stripped:v1.5.0-232-g6557e9ea7,6557e9ea702dc96de95386913c1235377e04a9a8,4f6d3b2a5d91f0bfc95aaee439b71485eef037b1,2018-01-26
0.25.0,v0.25.0,datawire/ambassador-envoy-alpine-stripped:v1.5.0-232-g6557e9ea7,6557e9ea702dc96de95386913c1235377e04a9a8,4f6d3b2a5d91f0bfc95aaee439b71485eef037b1,2018-01-26
0.26.0,v0.26.0,datawire/ambassador-envoy-alpine-stripped:v1.5.0-232-g6557e9ea7,6557e9ea702dc96de95386913c1235377e04a9a8,4f6d3b2a5d91f0bfc95aaee439b71485eef037b1,2018-01-26
0.26.1,v0.26.1,datawire/ambassador-envoy-alpine-stripped:v1.5.0-232-g6557e9ea7,6557e9ea702dc96de95386913c1235377e04a9a8,4f6d3b2a5d91f0bfc95aaee439b71485eef037b1,2018-01-26
0.27.0,v0.27.0,datawire/ambassador-envoy-alpine-stripped:v1.5.0-232-g6557e9ea7,6557e9ea702dc96de95386913c1235377e04a9a8,4f6d3b2a5d91f0bfc95aaee439b71485eef037b1,2018-01-26
0.28.0,v0.28.0,datawire/ambassador-envoy-alpine-stripped:v1.5.0-232-g6557e9ea7,6557e9ea702dc96de95386913c1235377e04a9a8,4f6d3b2a5d91f0bfc95aaee439b71485eef037b1,2018-01-26
0.28.1,v0.28.1,datawire/ambassador-envoy-alpine-stripped:v1.5.0-232-g6557e9ea7,6557e9ea702dc96de95386913c1235377e04a9a8,4f6d3b2a5d91f0bfc95aaee439b71485eef037b1,2018-01-26
0.28.2,v0.28.2,datawire/ambassador-envoy-alpine-stripped:v1.5.0-232-g6557e9ea7,6557e9ea702dc96de95386913c1235377e04a9a8,4f6d3b2a5d91f0bfc95aaee439b71485eef037b1,2018-01-26
0.29.0,v0.29.0,datawire/ambassador-envoy-alpine-stripped:v1.5.0-232-g6557e9ea7,6557e9ea702dc96de95386913c1235377e04a9a8,4f6d3b2a5d91f0bfc95aaee439b71485eef037b1,2018-01-26
0.29.1,v0.29.1,datawire/ambassador-envoy-alpine-stripped:v1.5.0-232-g6557e9ea7,6557e9ea702dc96de95386913c1235377e04a9a8,4f6d3b2a5d91f0bfc95aaee439b71485eef037b1,2018-01-26
0.30.0,v0.30.0,datawire/ambassador-envoy-alpine-stripped:v1.5.0-232-g6557e9ea7,6557e9ea702dc96de95386913c1235377e04a9a8,4f6d3b2a5d91f0bfc95aaee439b71485eef037b1,2018-01-26
0.30.1,v0.30.1,datawire/ambassador-envoy-alpine-stripped:v1.5.0-232-g6557e9ea7,6557e9ea702dc96de95386913c1235377e04a9a8,4f6d3b2a5d91f0bfc95aaee439b71485eef037b1,2018-01-26
0.30.2,v0.30.2,datawire/ambassador-envoy-alpine-stripped:v1.5.0-232-g6557e9ea7,6557e9ea702dc96de95386913c1235377e04a9a8,4f6d3b2a5d91f0bfc95aaee439b71485eef037b1,2018-01-26
0.31.0,v0.31.0,datawire/ambassador-envoy-alpine-stripped:v1.5.0-232-g6557e9ea7,6557e9ea702dc96de95386913c1235377e04a9a8,4f6d3b2a5d91f0bfc95aaee439b71485eef037b1,2018-01-26
0.32.0,v0.32.0,datawire/ambassador-envoy-alpine-stripped:v1.5.0-232-g6557e9ea7,6557e9ea702dc96de95386913c1235377e04a9a8,4f6d3b2a5d91f0bfc95aaee439b71485eef037b1,2018-01-26
0.32.1,v0.32.1,datawire/ambassador-envoy-alpine-stripped:v1.5.0-232-g6557e9ea7,6557e9ea702dc96de95386913c1235377e04a9a8,4f6d3b2a5d91f0bfc95aaee439b71485eef037b1,2018-01-26
0.32.2,v0.32.2,datawire/ambassador-envoy-alpine-stripped:v1.5.0-232-g6557e9ea7,6557e9ea702dc96de95386913c1235377e04a9a8,4f6d3b2a5d91f0bfc95aaee439b71485eef037b1,2018-01-26
0.33.0-rc0,0.33.0-rc0,datawire/ambassador-envoy-alpine-stripped:v1.5.0-232-g6557e9ea7,6557e9ea702dc96de95386913c1235377e04a9a8,4f6d3b2a5d91f0bfc95aaee439b71485eef037b1,2018-01-26
0.33.0-rc1,0.33.0-rc1,datawire/ambassador-envoy-alpine-stripped:v1.5.0-232-g6557e9ea7,6557e9ea702dc96de95386913c1235377e04a9a8,4f6d3b2a5d91f0bfc95aaee439b71485eef037b1,2018-01-26
0.33.0-rc2,0.33.0-rc2,datawire/ambassador-envoy-alpine-stripped:v1.5.0-232-g6557e9ea7,6557e9ea702dc96de95386913c1235377e04a9a8,4f6d3b2a5d91f0bfc95aaee439b71485eef037b1,2018-01-26
0.33.0-rc3,0.33.0-rc3,datawire/ambassador-envoy-alpine-stripped:v1.5.0-232-g6557e9ea7,6557e9ea702dc96de95386913c1235377e04a9a8,4f6d3b2a5d91f0bfc95aaee439b71485eef037b1,2018-01-26
0.33.0-rc4,0.33.0-rc4,datawire/ambassador-envoy-alpine-stripped:v1.5.0-232-g6557e9ea7,6557e9ea702dc96de95386913c1235377e04a9a8,4f6d3b2a5d91f0bfc95aaee439b71485eef037b1,2018-01-26
0.33.0-rc5,0.33.0-rc5,datawire/ambassador-envoy-alpine-stripped:v1.5.0-232-g6557e9ea7,6557e9ea702dc96de95386913c1235377e04a9a8,4f6d3b2a5d91f0bfc95aaee439b71485eef037b1,2018-01-26
0.33.0-rc6,0.33.0-rc6,datawire/ambassador-envoy-alpine-stripped:v1.5.0-232-g6557e9ea7,6557e9ea702dc96de95386913c1235377e04a9a8,4f6d3b2a5d91f0bfc95aaee439b71485eef037b1,2018-01-26
0.33.0-rc7,0.33.0-rc7,datawire/ambassador-envoy-alpine-stripped:v1.5.0-232-g6557e9ea7,6557e9ea702dc96de95386913c1235377e04a9a8,4f6d3b2a5d91f0bfc95aaee439b71485eef037b1,2018-01-26
0.33.0-rc8,0.33.0-rc8,datawire/ambassador-envoy-alpine-stripped:v1.5.0-232-g6557e9ea7,6557e9ea702dc96de95386913c1235377e04a9a8,4f6d3b2a5d91f0bfc95aaee439b71485eef037b1,2018-01-26
0.33.0-rc9,0.33.0-rc9,datawire/ambassador-envoy-alpine-stripped:v1.5.0-232-g6557e9ea7,6557e9ea702dc96de95386913c1235377e04a9a8,4f6d3b2a5d91f0bfc95aaee439b71485eef037b1,2018-01-26
0.33.0-rc10,0.33.0-rc10,datawire/ambassador-envoy-alpine-stripped:v1.5.0-232-g6557e9ea7,6557e9ea702dc96de95386913c1235377e04a9a8,4f6d3b2a5d91f0bfc95aaee439b71485eef037b1,2018-01-26
0.33.0,0.33.0,datawire/ambassador-envoy-alpine-stripped:v1.5.0-232-g6557e9ea7,6557e9ea702dc96de95386913c1235377e04a9a8,4f6d3b2a5d91f0bfc95aaee439b71485eef037b1,2018-01-26
0.33.1-rc0,0.33.1-rc0,datawire/ambassador-envoy-alpine-stripped:v1.5.0-232-g6557e9ea7,6557e9ea702dc96de95386913c1235377e04a9a8,4f6d3b2a5d91f0bfc95aaee439b71485eef037b1,2018-01-26
0.33.1,0.33.1,datawire/ambassador-envoy-alpine-stripped:v1.5.0-232-g6557e9ea7,6557e9ea702dc96de95386913c1235377e04a9a8,4f6d3b2a5d91f0bfc95aaee439b71485eef037b1,2018-01-26
0.34.0-rc0,0.34.0-rc0,datawire/ambassador-envoy-alpine-stripped:v1.5.0-232-g6557e9ea7,6557e9ea702dc96de95386913c1235377e04a9a8,4f6d3b2a5d91f0bfc95aaee439b71485eef037b1,2018-01-26
0.34.0-rc1,0.34.0-rc1,datawire/ambassador-envoy-alpine-stripped:v1.5.0-232-g6557e9ea7,6557e9ea702dc96de95386913c1235377e04a9a8,4f6d3b2a5d91f0bfc95aaee439b71485eef037b1,2018-01-26
0.34.0-rc2,0.34.0-rc2,datawire/ambassador-envoy-alpine-stripped:v1.5.0-232-g6557e9ea7,6557e9ea702dc96de95386913c1235377e04a9a8,4f6d3b2a5d91f0bfc95aaee439b71485eef037b1,2018-01-26
0.34.0,0.34.0,datawire/ambassador-envoy-alpine-stripped:v1.5.0-232-g6557e9ea7,6557e9ea702dc96de95386913c1235377e04a9a8,4f6d3b2a5d91f0bfc95aaee439b71485eef037b1,2018-01-26
0.34.1-rc0,0.34.1-rc0,datawire/ambassador-envoy-alpine-stripped:v1.5.0-232-g6557e9ea7,6557e9ea702dc96de95386913c1235377e04a9a8,4f6d3b2a5d91f0bfc95aaee439b71485eef037b1,2018-01-26
0.34.1-rc1,0.34.1-rc1,datawire/ambassador-envoy-alpine-stripped:v1.5.0-232-g6557e9ea7,6557e9ea702dc96de95386913c1235377e04a9a8,4f6d3b2a5d91f0bfc95aaee439b71485eef037b1,2018-01-26
0.34.1-rc2,0.34.1-rc2,datawire/ambassador-envoy-alpine-stripped:v1.5.0-232-g6557e9ea7,6557e9ea702dc96de95386913c1235377e04a9a8,4f6d3b2a5d91f0bfc95aaee439b71485eef037b1,2018-01-26
0.34.1-rc3,0.34.1-rc3,datawire/ambassador-envoy-alpine-stripped:v1.5.0-232-g6557e9ea7,6557e9ea702dc96de95386913c1235377e04a9a8,4f6d3b2a5d91f0bfc95aaee439b71485eef037b1,2018-01-26
0.34.1-rc4,0.34.1-rc4,datawire/ambassador-envoy-alpine-stripped:v1.5.0-232-g6557e9ea7,6557e9ea702dc96de95386913c1235377e04a9a8,4f6d3b2a5d91f0bfc95aaee439b71485eef037b1,2018-01-26
0.34.1,0.34.1,datawire/ambassador-envoy-alpine-stripped:v1.5.0-232-g6557e9ea7,6557e9ea702dc96de95386913c1235377e04a9a8,4f6d3b2a5d91f0bfc95aaee439b71485eef037b1,2018-01-26
0.34.2-rc0,0.34.2-rc0,datawire/ambassador-envoy-alpine-stripped:v1.6.0-446-g100a92e2,100a92e24117bb2b075acc59d1b325436d7b2b00,c62d9a5a6311938650f808c9acaf84eed48b6cfe,2018-06-06
0.34.2-rc1,0.34.2-rc1,datawire/ambassador-envoy-alpine-stripped:v1.6.0-446-g100a92e2,100a92e24117bb2b075acc59d1b325436d7b2b00,c62d9a5a6311938650f808c9acaf84eed48b6cfe,2018-06-06
0.34.2-rc2,0.34.2-rc2,datawire/ambassador-envoy-alpine-stripped:v1.6.0-446-g100a92e2,100a92e24117bb2b075acc59d1b325436d7b2b00,c62d9a5a6311938650f808c9acaf84eed48b6cfe,2018-06-06
0.34.2-rc3,0.34.2-rc3,datawire/ambassador-envoy-alpine-stripped:v1.6.0-446-g100a92e2,100a92e24117bb2b075acc59d1b325436d7b2b00,c62d9a5a6311938650f808c9acaf84eed48b6cfe,2018-06-06
0.34.2-rc4,0.34.2-rc4,datawire/ambassador-envoy-alpine-stripped:v1.6.0-446-g100a92e2,100a92e24117bb2b075acc59d1b325436d7b2b00,c62d9a5a6311938650f808c9acaf84eed48b6cfe,2018-06-06
0.34.2-rc5,0.34.2-rc5,datawire/ambassador-envoy-alpine-stripped:v1.6.0-446-g100a92e2,100a92e24117bb2b075acc59d1b325436d7b2b00,c62d9a5a6311938650f808c9acaf84eed48b6cfe,2018-06-06
0.34.2,0.34.2,datawire/ambassador-envoy-alpine-stripped:v1.6.0-446-g100a92e2,100a92e24117bb2b075acc59d1b325436d7b2b00,c62d9a5a6311938650f808c9acaf84eed48b6cfe,2018-06-06
0.34.3-rc1,0.34.3-rc1,datawire/ambassador-envoy-alpine-stripped:v1.6.0-446-g100a92e2,100a92e24117bb2b075acc59d1b325436d7b2b00,c62d9a5a6311938650f808c9acaf84eed48b6cfe,2018-06-06
0.34.3,0.34.3,datawire/ambassador-envoy-alpine-stripped:v1.6.0-446-g100a92e2,100a92e24117bb2b075acc59d1b325436d7b2b00,c62d9a5a6311938650f808c9acaf84eed48b6cfe,2018-06-06
0.34.4-rc1,0.34.4-rc1,datawire/ambassador-envoy-alpine-stripped:v1.5.0-232-g6557e9ea7,6557e9ea702dc96de95386913c1235377e04a9a8,4f6d3b2a5d91f0bfc95aaee439b71485eef037b1,2018-01-26
0.34.4-rc2,0.34.4-rc0,datawire/ambassador-envoy-alpine-stripped:v1.6.0-446-g100a92e2,100a92e24117bb2b075acc59d1b325436d7b2b00,c62d9a5a6311938650f808c9acaf84eed48b6cfe,2018-06-06
0.34.4-rc3,0.34.4-rc3,datawire/ambassador-envoy-alpine-stripped:v1.6.0-446-g100a92e2,100a92e24117bb2b075acc59d1b325436d7b2b00,c62d9a5a6311938650f808c9acaf84eed48b6cfe,2018-06-06
0.34.4-rc4,0.34.4-rc4,datawire/ambassador-envoy-alpine-stripped:v1.6.0-446-g100a92e2,100a92e24117bb2b075acc59d1b325436d7b2b00,c62d9a5a6311938650f808c9acaf84eed48b6cfe,2018-06-06
0.34.4-rc5,0.34.4-rc5,datawire/ambassador-envoy-alpine-stripped:v1.6.0-446-g100a92e2,100a92e24117bb2b075acc59d1b325436d7b2b00,c62d9a5a6311938650f808c9acaf84eed48b6cfe,2018-06-06
0.34.4-rc6,0.34.0-rc6,datawire/ambassador-envoy-alpine-stripped:v1.6.0-446-g100a92e2,100a92e24117bb2b075acc59d1b325436d7b2b00,c62d9a5a6311938650f808c9acaf84eed48b6cfe,2018-06-06
0.34.4-rc7,0.34.0-rc7,datawire/ambassador-envoy-alpine-stripped:v1.6.0-446-g100a92e2,100a92e24117bb2b075acc59d1b325436d7b2b00,c62d9a5a6311938650f808c9acaf84eed48b6cfe,2018-06-06
0.35.0-rc0,0.35.0-rc0,datawire/ambassador-envoy-alpine-stripped:v1.6.0-446-g100a92e2,100a92e24117bb2b075acc59d1b325436d7b2b00,c62d9a5a6311938650f808c9acaf84eed48b6cfe,2018-06-06
0.35.0-rc1,0.35.0-rc1,datawire/ambassador-envoy-alpine-stripped:v1.6.0-446-g100a92e2,100a92e24117bb2b075acc59d1b325436d7b2b00,c62d9a5a6311938650f808c9acaf84eed48b6cfe,2018-06-06
0.35.0-rc-ignore,0.35.0-rc-ignore,datawire/ambassador-envoy-alpine-stripped:v1.6.0-446-g100a92e2,100a92e24117bb2b075acc59d1b325436d7b2b00,c62d9a5a6311938650f808c9acaf84eed48b6cfe,2018-06-06
0.35.0-rc2,0.35.0-rc2,datawire/ambassador-envoy-alpine-stripped:v1.6.0-446-g100a92e2,100a92e24117bb2b075acc59d1b325436d7b2b00,c62d9a5a6311938650f808c9acaf84eed48b6cfe,2018-06-06
0.35.0-rc3,0.35.0-rc3,datawire/ambassador-envoy-alpine-stripped:v1.6.0-446-g100a92e2,100a92e24117bb2b075acc59d1b325436d7b2b00,c62d9a5a6311938650f808c9acaf84eed48b6cfe,2018-06-06
0.35.0-rc4,0.35.0-rc4,datawire/ambassador-envoy-alpine-stripped:v1.6.0-446-g100a92e2,100a92e24117bb2b075acc59d1b325436d7b2b00,c62d9a5a6311938650f808c9acaf84eed48b6cfe,2018-06-06
0.35.0-rc5,0.35.0-rc5,datawire/ambassador-envoy-alpine-stripped:v1.6.0-446-g100a92e2,100a92e24117bb2b075acc59d1b325436d7b2b00,c62d9a5a6311938650f808c9acaf84eed48b6cfe,2018-06-06
0.35.0,0.35.0,datawire/ambassador-envoy-alpine-stripped:v1.6.0-446-g100a92e2,100a92e24117bb2b075acc59d1b325436d7b2b00,c62d9a5a6311938650f808c9acaf84eed48b6cfe,2018-06-06
0.35.1-rc0,0.35.1-rc0,datawire/ambassador-envoy-alpine-stripped:v1.6.0-446-g100a92e2,100a92e24117bb2b075acc59d1b325436d7b2b00,c62d9a5a6311938650f808c9acaf84eed48b6cfe,2018-06-06
0.35.1-rc2,0.35.1-rc2,datawire/ambassador-envoy-alpine-stripped:v1.6.0-446-g100a92e2,100a92e24117bb2b075acc59d1b325436d7b2b00,c62d9a5a6311938650f808c9acaf84eed48b6cfe,2018-06-06
0.35.1-rc3,0.35.1-rc3,datawire/ambassador-envoy-alpine-stripped:v1.6.0-446-g100a92e2,100a92e24117bb2b075acc59d1b325436d7b2b00,c62d9a5a6311938650f808c9acaf84eed48b6cfe,2018-06-06
0.35.1-rc4,0.35.1-rc4,datawire/ambassador-envoy-alpine-stripped:v1.6.0-446-g100a92e2,100a92e24117bb2b075acc59d1b325436d7b2b00,c62d9a5a6311938650f808c9acaf84eed48b6cfe,2018-06-06
0.35.1,0.35.1,datawire/ambassador-envoy-alpine-stripped:v1.6.0-446-g100a92e2,100a92e24117bb2b075acc59d1b325436d7b2b00,c62d9a5a6311938650f808c9acaf84eed48b6cfe,2018-06-06
0.35.2-rc0,0.35.2-rc0,datawire/ambassador-envoy-alpine-stripped:v1.6.0-446-g100a92e2,100a92e24117bb2b075acc59d1b325436d7b2b00,c62d9a5a6311938650f808c9acaf84eed48b6cfe,2018-06-06
0.35.2-rc1,0.35.2-rc1,datawire/ambassador-envoy-alpine-stripped:v1.6.0-446-g100a92e2,100a92e24117bb2b075acc59d1b325436d7b2b00,c62d9a5a6311938650f808c9acaf84eed48b6cfe,2018-06-06
0.35.2-rc3,0.35.2-rc3,datawire/ambassador-envoy-alpine-stripped:v1.6.0-446-g100a92e2,100a92e24117bb2b075acc59d1b325436d7b2b00,c62d9a5a6311938650f808c9acaf84eed48b6cfe,2018-06-06
0.35.2,0.35.2,datawire/ambassador-envoy-alpine-stripped:v1.6.0-446-g100a92e2,100a92e24117bb2b075acc59d1b325436d7b2b00,c62d9a5a6311938650f808c9acaf84eed48b6cfe,2018-06-06
0.35.3-rc0,0.35.3-rc0,datawire/ambassador-envoy-alpine-stripped:v1.7.0-59-g07c6a004,07c6a004b899c373a6512440ae954f2a7ce3042d,3f59fb5c0f6554f8b3f2e73ab4c1437a63d42668,2018-06-21
0.35.3-rc1,0.35.3-rc1,datawire/ambassador-envoy-alpine-stripped:v1.7.0-59-g07c6a004,07c6a004b899c373a6512440ae954f2a7ce3042d,3f59fb5c0f6554f8b3f2e73ab4c1437a63d42668,2018-06-21
0.35.3-rc2,0.35.3-rc2,datawire/ambassador-envoy-alpine-stripped:v1.7.0-59-g07c6a004,07c6a004b899c373a6512440ae954f2a7ce3042d,3f59fb5c0f6554f8b3f2e73ab4c1437a63d42668,2018-06-21
0.35.3,0.35.3,datawire/ambassador-envoy-alpine-stripped:v1.7.0-59-g07c6a004,07c6a004b899c373a6512440ae954f2a7ce3042d,3f59fb5c0f6554f8b3f2e73ab4c1437a63d42668,2018-06-21
0.36.0-unstable-rc0,0.36.0-unstable-rc0,datawire/ambassador-envoy-alpine-stripped:v1.7.0-59-g07c6a004,07c6a004b899c373a6512440ae954f2a7ce3042d,3f59fb5c0f6554f8b3f2e73ab4c1437a63d42668,2018-06-21
0.36.0-rc0,0.36.0-rc0,quay.io/datawire/ambassador-envoy:v1.7.0-64-g09ba72b1-alpine-stripped,09ba72b14bbc177ce393bf394876330afbd19dd6,3f59fb5c0f6554f8b3f2e73ab4c1437a63d42668,2018-06-21
0.36.0-rc1,0.36.0-rc1,quay.io/datawire/ambassador-envoy:v1.7.0-64-g09ba72b1-alpine-stripped,09ba72b14bbc177ce393bf394876330afbd19dd6,3f59fb5c0f6554f8b3f2e73ab4c1437a63d42668,2018-06-21
0.36.0-rc2,0.36.0-rc2,quay.io/datawire/ambassador-envoy:v1.7.0-64-g09ba72b1-alpine-stripped,09ba72b14bbc177ce393bf394876330afbd19dd6,3f59fb5c0f6554f8b3f2e73ab4c1437a63d42668,2018-06-21
0.36.0,0.36.0,quay.io/datawire/ambassador-envoy:v1.7.0-64-g09ba72b1-alpine-stripped,09ba72b14bbc177ce393bf394876330afbd19dd6,3f59fb5c0f6554f8b3f2e73ab4c1437a63d42668,2018-06-21
0.36.1-unstable-rc0,0.36.1-unstable-rc0,quay.io/datawire/ambassador-envoy:v1.7.0-64-g09ba72b1-alpine-stripped,09ba72b14bbc177ce393bf394876330afbd19dd6,3f59fb5c0f6554f8b3f2e73ab4c1437a63d42668,2018-06-21
0.37.0-rc2,0.37.0-rc2,quay.io/datawire/ambassador-envoy:v1.7.0-64-g09ba72b1-alpine-stripped,09ba72b14bbc177ce393bf394876330afbd19dd6,3f59fb5c0f6554f8b3f2e73ab4c1437a63d42668,2018-06-21
0.37.0-rc4,0.37.0-rc4,quay.io/datawire/ambassador-envoy:v1.7.0-64-g09ba72b1-alpine-stripped,09ba72b14bbc177ce393bf394876330afbd19dd6,3f59fb5c0f6554f8b3f2e73ab4c1437a63d42668,2018-06-21
0.37.0,0.37.0,quay.io/datawire/ambassador-envoy:v1.7.0-64-g09ba72b1-alpine-stripped,09ba72b14bbc177ce393bf394876330afbd19dd6,3f59fb5c0f6554f8b3f2e73ab4c1437a63d42668,2018-06-21
0.37.1-rc0,0.37.1-rc0,quay.io/datawire/ambassador-envoy:v1.7.0-64-g09ba72b1-alpine-stripped,09ba72b14bbc177ce393bf394876330afbd19dd6,3f59fb5c0f6554f8b3f2e73ab4c1437a63d42668,2018-06-21
0.37.1-rc1,0.37.1-rc1,quay.io/datawire/ambassador-envoy:v1.7.0-64-g09ba72b1-alpine-stripped,09ba72b14bbc177ce393bf394876330afbd19dd6,3f59fb5c0f6554f8b3f2e73ab4c1437a63d42668,2018-06-21
0.37.1-rc2,0.37.1-rc2,quay.io/datawire/ambassador-envoy:v1.7.0-64-g09ba72b1-alpine-stripped,09ba72b14bbc177ce393bf394876330afbd19dd6,3f59fb5c0f6554f8b3f2e73ab4c1437a63d42668,2018-06-21
0.37.1-rc3,0.37.1-rc3,quay.io/datawire/ambassador-envoy:v1.7.0-64-g09ba72b1-alpine-stripped,09ba72b14bbc177ce393bf394876330afbd19dd6,3f59fb5c0f6554f8b3f2e73ab4c1437a63d42668,2018-06-21
0.37.1-rc4,0.37.1-rc4,quay.io/datawire/ambassador-envoy:v1.7.0-64-g09ba72b1-alpine-stripped,09ba72b14bbc177ce393bf394876330afbd19dd6,3f59fb5c0f6554f8b3f2e73ab4c1437a63d42668,2018-06-21
0.37.1-rc5,0.37.1-rc5,quay.io/datawire/ambassador-envoy:v1.7.0-64-g09ba72b1-alpine-stripped,09ba72b14bbc177ce393bf394876330afbd19dd6,3f59fb5c0f6554f8b3f2e73ab4c1437a63d42668,2018-06-21
0.38.0-rc0,0.38.0-rc0,quay.io/datawire/ambassador-envoy:v1.7.0-64-g09ba72b1-alpine-stripped,09ba72b14bbc177ce393bf394876330afbd19dd6,3f59fb5c0f6554f8b3f2e73ab4c1437a63d42668,2018-06-21
0.38.0,0.38.0,quay.io/datawire/ambassador-envoy:v1.7.0-64-g09ba72b1-alpine-stripped,09ba72b14bbc177ce393bf394876330afbd19dd6,3f59fb5c0f6554f8b3f2e73ab4c1437a63d42668,2018-06-21
0.39.0-rc0,0.39.0-rc0,quay.io/datawire/ambassador-envoy:v1.7.0-64-g09ba72b1-alpine-stripped,09ba72b14bbc177ce393bf394876330afbd19dd6,3f59fb5c0f6554f8b3f2e73ab4c1437a63d42668,2018-06-21
0.39.0-rc1,0.39.0-rc1,quay.io/datawire/ambassador-envoy:v1.7.0-64-g09ba72b1-alpine-stripped,09ba72b14bbc177ce393bf394876330afbd19dd6,3f59fb5c0f6554f8b3f2e73ab4c1437a63d42668,2018-06-21
0.39.0-rc2,0.39.0-rc2,quay.io/datawire/ambassador-envoy:v1.7.0-64-g09ba72b1-alpine-stripped,09ba72b14bbc177ce393bf394876330afbd19dd6,3f59fb5c0f6554f8b3f2e73ab4c1437a63d42668,2018-06-21
0.39.0-rc3,0.39.0-rc3,quay.io/datawire/ambassador-envoy:v1.7.0-64-g09ba72b1-alpine-stripped,09ba72b14bbc177ce393bf394876330afbd19dd6,3f59fb5c0f6554f8b3f2e73ab4c1437a63d42668,2018-06-21
0.39.0-rc4,0.39.0-rc4,quay.io/datawire/ambassador-envoy:v1.7.0-64-g09ba72b1-alpine-stripped,09ba72b14bbc177ce393bf394876330afbd19dd6,3f59fb5c0f6554f8b3f2e73ab4c1437a63d42668,2018-06-21
0.39.0,0.39.0,quay.io/datawire/ambassador-envoy:v1.7.0-64-g09ba72b1-alpine-stripped,09ba72b14bbc177ce393bf394876330afbd19dd6,3f59fb5c0f6554f8b3f2e73ab4c1437a63d42668,2018-06-21
0.40.0-rc1,0.40.0-rc1,quay.io/datawire/ambassador-envoy:v1.7.0-64-g09ba72b1-alpine-stripped,09ba72b14bbc177ce393bf394876330afbd19dd6,3f59fb5c0f6554f8b3f2e73ab4c1437a63d42668,2018-06-21
0.40.0,0.40.0,quay.io/datawire/ambassador-envoy:v1.7.0-64-g09ba72b1-alpine-stripped,09ba72b14bbc177ce393bf394876330afbd19dd6,3f59fb5c0f6554f8b3f2e73ab4c1437a63d42668,2018-06-21
0.40.1-rc1,0.40.1-rc1,quay.io/datawire/ambassador-envoy:v1.7.0-65-ga22b2f14-alpine-stripped,a22b2f14f5552adb1b80ca4941d06129637066cd,3f59fb5c0f6554f8b3f2e73ab4c1437a63d42668,2018-06-21
0.40.1-rc2,0.40.1-rc2,quay.io/datawire/ambassador-envoy:v1.7.0-66-g5f795fe2-alpine-stripped,5f795fe2d7cf6eef2308d8fb8e3cd5d474e47753,3f59fb5c0f6554f8b3f2e73ab4c1437a63d42668,2018-06-21
0.40.1,0.40.1,quay.io/datawire/ambassador-envoy:v1.7.0-66-g5f795fe2-alpine-stripped,5f795fe2d7cf6eef2308d8fb8e3cd5d474e47753,3f59fb5c0f6554f8b3f2e73ab4c1437a63d42668,2018-06-21
0.40.2-rc0,0.40.2-rc0,quay.io/datawire/ambassador-envoy:v1.7.0-66-g5f795fe2-alpine-stripped,5f795fe2d7cf6eef2308d8fb8e3cd5d474e47753,3f59fb5c0f6554f8b3f2e73ab4c1437a63d42668,2018-06-21
0.40.2,0.40.2,quay.io/datawire/ambassador-envoy:v1.7.0-66-g5f795fe2-alpine-stripped,5f795fe2d7cf6eef2308d8fb8e3cd5d474e47753,3f59fb5c0f6554f8b3f2e73ab4c1437a63d42668,2018-06-21
0.50.0-rc0,0.50.0-rc0,envoyproxy/envoy-alpine:26e2a31650fe14db7e55a3136f9ae75db667bf5c,26e2a31650fe14db7e55a3136f9ae75db667bf5c,26e2a31650fe14db7e55a3136f9ae75db667bf5c,2018-10-01
0.50.0-tt1,0.50.0-tt1,envoyproxy/envoy-alpine:26e2a31650fe14db7e55a3136f9ae75db667bf5c,26e2a31650fe14db7e55a3136f9ae75db667bf5c,26e2a31650fe14db7e55a3136f9ae75db667bf5c,2018-10-01
0.50.0-tt2,0.50.0-tt2,envoyproxy/envoy-alpine:26e2a31650fe14db7e55a3136f9ae75db667bf5c,26e2a31650fe14db7e55a3136f9ae75db667bf5c,26e2a31650fe14db7e55a3136f9ae75db667bf5c,2018-10-01
0.50.0-tt3,0.50.0-tt3,envoyproxy/envoy-alpine:26e2a31650fe14db7e55a3136f9ae75db667bf5c,26e2a31650fe14db7e55a3136f9ae75db667bf5c,26e2a31650fe14db7e55a3136f9ae75db667bf5c,2018-10-01
0.50.0-tt4,0.50.0-tt4,envoyproxy/envoy-alpine:26e2a31650fe14db7e55a3136f9ae75db667bf5c,26e2a31650fe14db7e55a3136f9ae75db667bf5c,26e2a31650fe14db7e55a3136f9ae75db667bf5c,2018-10-01
0.50.0-tt5,0.50.0-tt5,envoyproxy/envoy-alpine:26e2a31650fe14db7e55a3136f9ae75db667bf5c,26e2a31650fe14db7e55a3136f9ae75db667bf5c,26e2a31650fe14db7e55a3136f9ae75db667bf5c,2018-10-01
0.50.0-ea1,0.50.0-ea1,envoyproxy/envoy-alpine:26e2a31650fe14db7e55a3136f9ae75db667bf5c,26e2a31650fe14db7e55a3136f9ae75db667bf5c,26e2a31650fe14db7e55a3136f9ae75db667bf5c,2018-10-01
0.50.0-ea2,0.50.0-ea2,envoyproxy/envoy-alpine:26e2a31650fe14db7e55a3136f9ae75db667bf5c,26e2a31650fe14db7e55a3136f9ae75db667bf5c,26e2a31650fe14db7e55a3136f9ae75db667bf5c,2018-10-01
0.50.0-ea3,0.50.0-ea3,envoyproxy/envoy-alpine:26e2a31650fe14db7e55a3136f9ae75db667bf5c,26e2a31650fe14db7e55a3136f9ae75db667bf5c,26e2a31650fe14db7e55a3136f9ae75db667bf5c,2018-10-01
0.50.0-ea4,0.50.0-ea4,envoyproxy/envoy-alpine:v1.8.0,5d25f466c3410c0dfa735d7d4358beb76b2da507,5d25f466c3410c0dfa735d7d4358beb76b2da507,2018-10-04
0.50.0-ea5,0.50.0-ea5,envoyproxy/envoy-alpine:v1.8.0,5d25f466c3410c0dfa735d7d4358beb76b2da507,5d25f466c3410c0dfa735d7d4358beb76b2da507,2018-10-04
0.50.0-ea6,0.50.0-ea6,envoyproxy/envoy-alpine:f71a883b557a18cc418d4103b2f07a6780fc6576,f71a883b557a18cc418d4103b2f07a6780fc6576,f71a883b557a18cc418d4103b2f07a6780fc6576,2018-11-06
0.50.0-ea7,0.50.0-ea7,quay.io/datawire/ambassador-envoy-alpine-stripped:v1.8.0-15c5befd43fb9ee9b145cc87e507beb801726316,15c5befd43fb9ee9b145cc87e507beb801726316,15c5befd43fb9ee9b145cc87e507beb801726316,2018-11-06
0.50.0-ea7-1,0.50.0-ea7-1,quay.io/datawire/ambassador-envoy-alpine-stripped:v1.8.0-15c5befd43fb9ee9b145cc87e507beb801726316,15c5befd43fb9ee9b145cc87e507beb801726316,15c5befd43fb9ee9b145cc87e507beb801726316,2018-11-06
0.50.0-ea7-2,0.50.0-ea7-2,quay.io/datawire/ambassador-envoy-alpine-stripped:v1.8.0-15c5befd43fb9ee9b145cc87e507beb801726316,15c5befd43fb9ee9b145cc87e507beb801726316,15c5befd43fb9ee9b145cc87e507beb801726316,2018-11-06
0.50.0-rc1,0.50.0-rc1,quay.io/datawire/ambassador-envoy-alpine-stripped:v1.8.0-15c5befd43fb9ee9b145cc87e507beb801726316,15c5befd43fb9ee9b145cc87e507beb801726316,15c5befd43fb9ee9b145cc87e507beb801726316,2018-11-06
0.50.0-rc2,0.50.0-rc2,quay.io/datawire/ambassador-envoy-alpine-stripped:v1.8.0-15c5befd43fb9ee9b145cc87e507beb801726316,15c5befd43fb9ee9b145cc87e507beb801726316,15c5befd43fb9ee9b145cc87e507beb801726316,2018-11-06
0.50.0-rc3,0.50.0-rc3,quay.io/datawire/ambassador-envoy-alpine-stripped:v1.8.0-15c5befd43fb9ee9b145cc87e507beb801726316,15c5befd43fb9ee9b145cc87e507beb801726316,15c5befd43fb9ee9b145cc87e507beb801726316,2018-11-06
0.50.0-rc4,0.50.0-rc4,quay.io/datawire/ambassador-envoy-alpine-stripped:v1.8.0-15c5befd43fb9ee9b145cc87e507beb801726316,15c5befd43fb9ee9b145cc87e507beb801726316,15c5befd43fb9ee9b145cc87e507beb801726316,2018-11-06
"",ec5eb9c,quay.io/datawire/ambassador-envoy-alpine-stripped:v1.8.0-878705f86c,878705f86ca761f2fdf1f35a5b86a272949b5b79,15c5befd43fb9ee9b145cc87e507beb801726316,2018-11-06
0.50.0-rc5,0.50.0-rc5,quay.io/datawire/ambassador-envoy-alpine-stripped:v1.8.0-g14e2c65bb,14e2c65bbaaa714d71a342624a4ca24eb3817069,15c5befd43fb9ee9b145cc87e507beb801726316,2018-11-06
0.50.0-rc6,0.50.0-rc6,quay.io/datawire/ambassador-envoy-alpine-stripped:v1.8.0-g523a9e31d,523a9e31d6bde8a73fee3e53d014827445017be9,15c5befd43fb9ee9b145cc87e507beb801726316,2018-11-06
0.50.0-rc7,0.50.0-rc7,quay.io/datawire/ambassador-envoy-alpine-stripped:v1.8.0-g523a9e31d,523a9e31d6bde8a73fee3e53d014827445017be9,15c5befd43fb9ee9b145cc87e507beb801726316,2018-11-06
0.50.0-rc8,0.50.0-rc8,quay.io/datawire/ambassador-envoy-alpine-stripped:v1.8.0-g523a9e31d,523a9e31d6bde8a73fee3e53d014827445017be9,15c5befd43fb9ee9b145cc87e507beb801726316,2018-11-06
0.50.0,0.50.0,quay.io/datawire/ambassador-envoy-alpine-stripped:v1.8.0-g523a9e31d,523a9e31d6bde8a73fee3e53d014827445017be9,15c5befd43fb9ee9b145cc87e507beb801726316,2018-11-06
0.50.1-rc1,0.50.1-rc1,quay.io/datawire/ambassador-envoy-alpine-stripped:v1.8.0-g14e2c65bb,14e2c65bbaaa714d71a342624a4ca24eb3817069,15c5befd43fb9ee9b145cc87e507beb801726316,2018-11-06
0.50.1-rc2,0.50.1-rc2,quay.io/datawire/ambassador-envoy-alpine-stripped:v1.8.0-g14e2c65bb,14e2c65bbaaa714d71a342624a4ca24eb3817069,15c5befd43fb9ee9b145cc87e507beb801726316,2018-11-06
0.50.1,0.50.1,quay.io/datawire/ambassador-envoy-alpine-stripped:v1.8.0-g14e2c65bb,14e2c65bbaaa714d71a342624a4ca24eb3817069,15c5befd43fb9ee9b145cc87e507beb801726316,2018-11-06
0.50.2-rc0,0.50.2-rc0,quay.io/datawire/ambassador-envoy-alpine-stripped:v1.8.0-15c5befd43fb9ee9b145cc87e507beb801726316-7-g4db17d1fb,4db17d1fb38c27e6eacbd0c757d964eb80a356f7,15c5befd43fb9ee9b145cc87e507beb801726316,2018-11-06
0.50.2,0.50.2,quay.io/datawire/ambassador-envoy-alpine-stripped:v1.8.0-15c5befd43fb9ee9b145cc87e507beb801726316-7-g4db17d1fb,4db17d1fb38c27e6eacbd0c757d964eb80a356f7,15c5befd43fb9ee9b145cc87e507beb801726316,2018-11-06
0.50.3-rc0,0.50.3-rc0,quay.io/datawire/ambassador-envoy-alpine-stripped:v1.8.0-15c5befd43fb9ee9b145cc87e507beb801726316-7-g4db17d1fb,4db17d1fb38c27e6eacbd0c757d964eb80a356f7,15c5befd43fb9ee9b145cc87e507beb801726316,2018-11-06
0.50.3,0.50.3,quay.io/datawire/ambassador-envoy-alpine-stripped:v1.8.0-15c5befd43fb9ee9b145cc87e507beb801726316-7-g4db17d1fb,4db17d1fb38c27e6eacbd0c757d964eb80a356f7,15c5befd43fb9ee9b145cc87e507beb801726316,2018-11-06
0.51.0-rc0,0.51.0-rc0,quay.io/datawire/ambassador-envoy-alpine-stripped:v1.8.0-15c5befd43fb9ee9b145cc87e507beb801726316-7-g4db17d1fb,4db17d1fb38c27e6eacbd0c757d964eb80a356f7,15c5befd43fb9ee9b145cc87e507beb801726316,2018-11-06
0.51.0-rc1,0.51.0-rc1,quay.io/datawire/ambassador-envoy-alpine-stripped:v1.8.0-15c5befd43fb9ee9b145cc87e507beb801726316-9-gf60eead70,f60eead706a3606c545ee2cfb0d47e905fdf1813,15c5befd43fb9ee9b145cc87e507beb801726316,2018-11-06
0.51.0,0.51.0,quay.io/datawire/ambassador-envoy-alpine-stripped:v1.8.0-15c5befd43fb9ee9b145cc87e507beb801726316-9-gf60eead70,f60eead706a3606c545ee2cfb0d47e905fdf1813,15c5befd43fb9ee9b145cc87e507beb801726316,2018-11-06
0.51.1-rc0,0.51.1-rc0,quay.io/datawire/ambassador-envoy-alpine-stripped:v1.8.0-15c5befd43fb9ee9b145cc87e507beb801726316-9-gf60eead70,f60eead706a3606c545ee2cfb0d47e905fdf1813,15c5befd43fb9ee9b145cc87e507beb801726316,2018-11-06
0.51.1,0.51.1,quay.io/datawire/ambassador-envoy-alpine-stripped:v1.8.0-15c5befd43fb9ee9b145cc87e507beb801726316-9-gf60eead70,f60eead706a3606c545ee2cfb0d47e905fdf1813,15c5befd43fb9ee9b145cc87e507beb801726316,2018-11-06
0.51.2-rc0,0.51.2-rc0,quay.io/datawire/ambassador-envoy-alpine-stripped:v1.8.0-15c5befd43fb9ee9b145cc87e507beb801726316-9-gf60eead70,f60eead706a3606c545ee2cfb0d47e905fdf1813,15c5befd43fb9ee9b145cc87e507beb801726316,2018-11-06
0.51.2,0.51.2,quay.io/datawire/ambassador-envoy-alpine-stripped:v1.8.0-15c5befd43fb9ee9b145cc87e507beb801726316-9-gf60eead70,f60eead706a3606c545ee2cfb0d47e905fdf1813,15c5befd43fb9ee9b145cc87e507beb801726316,2018-11-06
0.52.0-rc1,0.52.0-rc1,quay.io/datawire/ambassador-envoy-alpine-stripped:v1.8.0-15c5befd43fb9ee9b145cc87e507beb801726316-15-ga0d95bafb,a0d95bafba31b7062f791cdbb27f3351bbec7dfe,15c5befd43fb9ee9b145cc87e507beb801726316,2018-11-06
0.52.0-rc2,0.52.0-rc2,quay.io/datawire/ambassador-envoy-alpine-stripped:v1.8.0-15c5befd43fb9ee9b145cc87e507beb801726316-15-ga0d95bafb,a0d95bafba31b7062f791cdbb27f3351bbec7dfe,15c5befd43fb9ee9b145cc87e507beb801726316,2018-11-06
0.52.0-rc3,0.52.0-rc3,quay.io/datawire/ambassador-envoy-alpine-stripped:v1.8.0-15c5befd43fb9ee9b145cc87e507beb801726316-15-ga0d95bafb,a0d95bafba31b7062f791cdbb27f3351bbec7dfe,15c5befd43fb9ee9b145cc87e507beb801726316,2018-11-06
0.52.0,0.52.0,quay.io/datawire/ambassador-envoy-alpine-stripped:v1.8.0-15c5befd43fb9ee9b145cc87e507beb801726316-15-ga0d95bafb,a0d95bafba31b7062f791cdbb27f3351bbec7dfe,15c5befd43fb9ee9b145cc87e507beb801726316,2018-11-06
0.52.1-rc1,0.52.1-rc1,quay.io/datawire/ambassador-envoy-alpine-stripped:v1.8.0-15c5befd43fb9ee9b145cc87e507beb801726316-15-ga0d95bafb,a0d95bafba31b7062f791cdbb27f3351bbec7dfe,15c5befd43fb9ee9b145cc87e507beb801726316,2018-11-06
0.52.1-rc2,0.52.1-rc2,quay.io/datawire/ambassador-envoy-alpine-stripped:v1.8.0-15c5befd43fb9ee9b145cc87e507beb801726316-15-ga0d95bafb,a0d95bafba31b7062f791cdbb27f3351bbec7dfe,15c5befd43fb9ee9b145cc87e507beb801726316,2018-11-06
0.52.1,0.52.1,quay.io/datawire/ambassador-envoy-alpine-stripped:v1.8.0-15c5befd43fb9ee9b145cc87e507beb801726316-15-ga0d95bafb,a0d95bafba31b7062f791cdbb27f3351bbec7dfe,15c5befd43fb9ee9b145cc87e507beb801726316,2018-11-06
"",9fe0f85,quay.io/datawire/ambassador-envoy-alpine-stripped:v1.9.0-617-g39d9a9b43,39d9a9b4396c38cad15fd06e57468746a2175f18,1cf59d4f47ad7ab1a4e924cd66b825bb758f83c7,2019-04-04
"",8ae72b7,quay.io/datawire/ambassador-envoy-alpine-stripped:v1.9.0-618-gecd186005,ecd1860051b3e90dfc383ab96aa96ec41a4ebfb1,1cf59d4f47ad7ab1a4e924cd66b825bb758f83c7,2019-04-04
0.53.0-rc1,0.53.0-rc1,quay.io/datawire/ambassador-envoy-alpine-stripped:v1.9.0-619-g5830eaa1d,5830eaa1db54cb72161a181b310f895fe0d5a723,1cf59d4f47ad7ab1a4e924cd66b825bb758f83c7,2019-04-04
0.53.0,0.53.0,quay.io/datawire/ambassador-envoy-alpine-stripped:v1.9.0-619-g5830eaa1d,5830eaa1db54cb72161a181b310f895fe0d5a723,1cf59d4f47ad7ab1a4e924cd66b825bb758f83c7,2019-04-04
0.53.1-rc1,0.53.1-rc1,quay.io/datawire/ambassador-envoy-alpine-stripped:v1.9.0-619-g5830eaa1d,5830eaa1db54cb72161a181b310f895fe0d5a723,1cf59d4f47ad7ab1a4e924cd66b825bb758f83c7,2019-04-04
0.53.1,0.53.1,quay.io/datawire/ambassador-envoy-alpine-stripped:v1.9.0-619-g5830eaa1d,5830eaa1db54cb72161a181b310f895fe0d5a723,1cf59d4f47ad7ab1a4e924cd66b825bb758f83c7,2019-04-04
0.60.0-rc0,0.60.0-rc0,quay.io/datawire/ambassador-envoy-alpine-stripped:v1.9.0-619-g5830eaa1d,5830eaa1db54cb72161a181b310f895fe0d5a723,1cf59d4f47ad7ab1a4e924cd66b825bb758f83c7,2019-04-04
0.60.0-rc1,0.60.0-rc1,quay.io/datawire/ambassador-envoy-alpine-stripped:v1.9.0-619-g5830eaa1d,5830eaa1db54cb72161a181b310f895fe0d5a723,1cf59d4f47ad7ab1a4e924cd66b825bb758f83c7,2019-04-04
0.60.0-rc2,0.60.0-rc2,quay.io/datawire/ambassador-envoy-alpine-stripped:v1.9.0-619-g5830eaa1d,5830eaa1db54cb72161a181b310f895fe0d5a723,1cf59d4f47ad7ab1a4e924cd66b825bb758f83c7,2019-04-04
0.60.0-rc3,0.60.0-rc3,quay.io/datawire/ambassador-envoy-alpine-stripped:v1.9.0-619-g5830eaa1d,5830eaa1db54cb72161a181b310f895fe0d5a723,1cf59d4f47ad7ab1a4e924cd66b825bb758f83c7,2019-04-04
0.60.0,0.60.0,quay.io/datawire/ambassador-envoy-alpine-stripped:v1.9.0-619-g5830eaa1d,5830eaa1db54cb72161a181b310f895fe0d5a723,1cf59d4f47ad7ab1a4e924cd66b825bb758f83c7,2019-04-04
0.60.1-rc0,0.60.1-rc0,quay.io/datawire/ambassador-envoy-alpine-stripped:v1.9.0-619-g5830eaa1d,5830eaa1db54cb72161a181b310f895fe0d5a723,1cf59d4f47ad7ab1a4e924cd66b825bb758f83c7,2019-04-04
0.60.1,0.60.1,quay.io/datawire/ambassador-envoy-alpine-stripped:v1.9.0-619-g5830eaa1d,5830eaa1db54cb72161a181b310f895fe0d5a723,1cf59d4f47ad7ab1a4e924cd66b825bb758f83c7,2019-04-04
0.60.2-rc0,0.60.2-rc0,quay.io/datawire/ambassador-envoy-alpine-stripped:v1.9.0-619-g5830eaa1d,5830eaa1db54cb72161a181b310f895fe0d5a723,1cf59d4f47ad7ab1a4e924cd66b825bb758f83c7,2019-04-04
0.60.2-rc1,0.60.2-rc1,quay.io/datawire/ambassador-envoy-alpine-stripped:v1.9.0-619-g5830eaa1d,5830eaa1db54cb72161a181b310f895fe0d5a723,1cf59d4f47ad7ab1a4e924cd66b825bb758f83c7,2019-04-04
0.60.02,0.60.02,quay.io/datawire/ambassador-envoy-alpine-stripped:v1.9.0-619-g5830eaa1d,5830eaa1db54cb72161a181b310f895fe0d5a723,1cf59d4f47ad7ab1a4e924cd66b825bb758f83c7,2019-04-04
0.60.2,0.60.2,quay.io/datawire/ambassador-envoy-alpine-stripped:v1.9.0-619-g5830eaa1d,5830eaa1db54cb72161a181b310f895fe0d5a723,1cf59d4f47ad7ab1a4e924cd66b825bb758f83c7,2019-04-04
0.60.3-rc0,0.60.3-rc0,quay.io/datawire/ambassador-envoy-alpine-stripped:v1.9.0-619-g5830eaa1d,5830eaa1db54cb72161a181b310f895fe0d5a723,1cf59d4f47ad7ab1a4e924cd66b825bb758f83c7,2019-04-04
0.60.3,0.60.3,quay.io/datawire/ambassador-envoy-alpine-stripped:v1.9.0-619-g5830eaa1d,5830eaa1db54cb72161a181b310f895fe0d5a723,1cf59d4f47ad7ab1a4e924cd66b825bb758f83c7,2019-04-04
0.61.0-rc1,0.61.0-rc1,quay.io/datawire/ambassador-envoy-alpine-stripped:v1.9.0-619-g5830eaa1d,5830eaa1db54cb72161a181b310f895fe0d5a723,1cf59d4f47ad7ab1a4e924cd66b825bb758f83c7,2019-04-04
0.61.0-rc2,0.61.0-rc2,quay.io/datawire/ambassador-envoy-alpine-stripped:v1.9.0-619-g5830eaa1d,5830eaa1db54cb72161a181b310f895fe0d5a723,1cf59d4f47ad7ab1a4e924cd66b825bb758f83c7,2019-04-04
0.61.0-rc3,0.61.0-rc3,quay.io/datawire/ambassador-envoy-alpine-stripped:v1.9.0-619-g5830eaa1d,5830eaa1db54cb72161a181b310f895fe0d5a723,1cf59d4f47ad7ab1a4e924cd66b825bb758f83c7,2019-04-04
0.61.0,0.61.0,quay.io/datawire/ambassador-envoy-alpine-stripped:v1.9.0-619-g5830eaa1d,5830eaa1db54cb72161a181b310f895fe0d5a723,1cf59d4f47ad7ab1a4e924cd66b825bb758f83c7,2019-04-04
